,City,Country,Lat,Lng,Max Temp,Humidity,Cloudiness,Wind Speed,Current Description
0,Sydney,AU,-33.8679,151.2073,50.63,72,0,10.36,clear sky
1,Barrow,US,71.2906,-156.7887,41.02,100,100,5.75,mist
2,Yumen,CN,40.2833,97.2,70.3,43,99,8.93,overcast clouds
3,Kununurra,AU,-15.7667,128.7333,64.38,17,7,9.22,clear sky
4,Port Hardy,CA,50.6996,-127.4199,59.18,94,75,4.61,mist
5,Ushuaia,AR,-54.8,-68.3,46.06,39,40,12.66,scattered clouds
6,Bud,US,39.447,-86.1758,83.89,55,0,3.71,clear sky
7,Puerto Ayora,EC,-0.7393,-90.3518,75.16,82,96,5.01,overcast clouds
8,Pavlodar,KZ,52.3,76.95,53.4,71,0,2.24,clear sky
9,Rikitea,PF,-23.1203,-134.9692,69.08,70,100,13.76,overcast clouds
10,Vila Franca do Campo,PT,37.7167,-25.4333,73.81,68,100,2.04,overcast clouds
11,Kota Kinabalu,MY,5.9749,116.0724,75.18,88,20,5.01,few clouds
12,Albany,US,42.6001,-73.9662,85.23,54,84,1.01,broken clouds
13,Lüderitz,NA,-26.6481,15.1594,57.51,88,2,3.4,clear sky
14,Ostrovnoy,RU,68.0531,39.5131,46.76,88,100,3.36,overcast clouds
15,Butaritari,KI,3.0707,172.7902,81.46,67,6,8.86,clear sky
16,Turukhansk,RU,65.8167,87.9833,55.38,95,100,7.67,overcast clouds
17,Kommunar,RU,59.6206,30.39,74.73,51,95,6.91,overcast clouds
18,Dikson,RU,73.5069,80.5464,42.19,98,100,11.25,light rain
19,Beringovskiy,RU,63.05,179.3167,49.44,95,100,18.81,light rain
20,Kruisfontein,ZA,-34.0033,24.7314,69.89,29,31,7.4,scattered clouds
21,Fortuna,US,40.5982,-124.1573,58.12,100,100,9.22,overcast clouds
22,Norman Wells,CA,65.282,-126.8329,59.04,77,75,4.61,smoke
23,Busselton,AU,-33.65,115.3333,53.49,66,94,8.37,overcast clouds
24,Hermanus,ZA,-34.4187,19.2345,54.81,78,0,14.88,clear sky
25,Marawi,PH,7.9986,124.2928,67.82,93,82,2.73,broken clouds
26,Dunedin,NZ,-45.8742,170.5036,44.8,62,100,7.0,overcast clouds
27,Porto Murtinho,BR,-21.6989,-57.8825,94.59,20,53,7.78,broken clouds
28,Helong,CN,42.5397,128.9972,53.1,87,0,4.72,clear sky
29,Hofn,IS,64.2539,-15.2082,53.62,87,75,6.91,broken clouds
30,Isangel,VU,-19.55,169.2667,75.31,88,40,6.91,scattered clouds
31,Saint Paul Harbor,US,57.79,-152.4072,54.91,94,100,0.0,overcast clouds
32,Solnechnyy,RU,50.7214,136.6319,53.89,75,67,3.65,broken clouds
33,George Town,MY,5.4112,100.3354,80.53,90,20,3.44,few clouds
34,Pampas,PE,-12.4,-74.9,63.46,29,0,9.28,clear sky
35,Pringsewu,ID,-5.3582,104.9744,72.63,97,100,3.29,overcast clouds
36,Qaanaaq,GL,77.484,-69.3632,37.24,97,100,9.4,overcast clouds
37,Jamestown,US,42.097,-79.2353,80.06,57,36,4.0,scattered clouds
38,Mbeya,TZ,-8.9,33.45,54.75,81,24,7.29,few clouds
39,Nioro,GM,13.35,-15.75,75.45,86,100,0.49,overcast clouds
40,Cherskiy,RU,68.75,161.3,54.27,74,83,5.95,broken clouds
41,Edéa,CM,3.8,10.1333,73.17,93,100,2.13,overcast clouds
42,Yellowknife,CA,62.456,-114.3525,64.92,59,75,9.22,smoke
43,Provideniya,RU,64.3833,-173.3,47.39,84,96,7.14,overcast clouds
44,Khatanga,RU,71.9667,102.5,47.44,95,100,15.41,overcast clouds
45,Saskylakh,RU,71.9167,114.0833,40.55,72,100,10.13,overcast clouds
46,Santa Isabel Rio Negro,BR,-0.4139,-65.0192,81.5,72,66,2.95,broken clouds
47,Nizwá,OM,22.9333,57.5333,93.31,28,99,8.08,overcast clouds
48,Xaçmaz,AZ,41.4635,48.806,70.23,56,0,3.65,clear sky
49,Avarua,CK,-21.2078,-159.775,73.45,73,20,6.91,few clouds
50,Iwanai,JP,42.9744,140.5089,57.47,85,100,3.94,overcast clouds
51,Vaini,TO,-21.2,-175.2,69.96,94,20,4.61,few clouds
52,Yabrūd,SY,33.9674,36.6574,70.93,42,0,1.5,clear sky
53,Klaksvík,FO,62.2266,-6.589,56.32,97,100,2.8,overcast clouds
54,Mar del Plata,AR,-38.0023,-57.5575,69.82,59,0,10.36,clear sky
55,Ponta do Sol,PT,32.6667,-17.1,77.0,75,1,3.47,clear sky
56,Malanje,AO,-9.5402,16.341,76.15,26,90,3.69,overcast clouds
57,Atuona,PF,-9.8,-139.0333,77.86,62,92,8.61,overcast clouds
58,Saldanha,ZA,-33.0117,17.9442,57.43,84,100,17.85,overcast clouds
59,Cape Town,ZA,-33.9258,18.4232,59.41,76,75,19.57,broken clouds
60,Bluff,NZ,-46.6,168.3333,39.6,78,52,8.16,broken clouds
61,Makar'yev,RU,57.8797,43.8069,69.1,52,23,4.09,few clouds
62,Takoradze,GH,4.8845,-1.7554,74.73,83,46,5.79,scattered clouds
63,Teguise,ES,29.0605,-13.564,73.62,69,40,19.57,scattered clouds
64,Bilma,NE,18.6853,12.9164,99.82,18,98,5.99,overcast clouds
65,Marsala,IT,37.7966,12.4352,76.93,67,0,10.07,clear sky
66,Chui,UY,-33.6971,-53.4616,64.08,79,99,5.08,overcast clouds
67,Punta Arenas,CL,-53.15,-70.9167,44.62,70,25,27.63,scattered clouds
68,Mataura,NZ,-46.1927,168.8643,33.06,90,100,2.77,overcast clouds
69,Souillac,MU,-20.5167,57.5167,70.18,73,40,11.5,scattered clouds
70,Cidreira,BR,-30.1811,-50.2056,65.77,71,0,6.87,clear sky
71,East London,ZA,-33.0153,27.9116,70.74,56,0,5.75,clear sky
72,Havre-St-Pierre,CA,50.2334,-63.5986,68.36,88,75,10.36,broken clouds
73,New Norfolk,AU,-42.7826,147.0587,46.71,87,100,3.02,overcast clouds
74,Port Alfred,ZA,-33.5906,26.891,71.19,43,2,11.48,clear sky
75,Cho Dok,VN,10.7,105.1167,77.41,92,100,3.47,overcast clouds
76,Saint George,US,37.1041,-113.5841,98.44,26,36,4.0,scattered clouds
77,La Salle,US,41.3334,-89.0918,83.25,49,0,3.44,clear sky
78,Wawa,NG,9.9022,4.4192,75.13,82,98,2.3,overcast clouds
79,Mahébourg,MU,-20.4081,57.7,70.09,73,40,11.5,scattered clouds
80,Altay,CN,47.8667,88.1167,55.81,30,0,7.34,clear sky
81,Soyo,AO,-6.1349,12.3689,71.94,86,82,8.28,broken clouds
82,Luanda,AO,-8.8368,13.2343,69.8,88,100,6.91,overcast clouds
83,West Wendover,US,40.7391,-114.0733,88.95,19,100,9.89,overcast clouds
84,Dongsheng,CN,39.8161,109.9776,58.68,43,100,7.11,overcast clouds
85,Thompson,CA,55.7435,-97.8558,60.96,39,20,4.61,few clouds
86,Saint-Philippe,RE,-21.3585,55.7679,71.19,76,34,12.8,scattered clouds
87,Hobart,AU,-42.8794,147.3294,47.05,86,40,6.91,scattered clouds
88,Camacha,PT,33.0833,-16.3333,71.02,73,20,11.5,few clouds
89,Port Lincoln,AU,-34.7333,135.8667,53.2,84,100,6.85,overcast clouds
90,Englewood,US,39.6478,-104.9878,85.82,34,0,1.99,clear sky
91,Apricena,IT,41.7839,15.4437,72.19,72,58,5.53,broken clouds
92,Pereira Barreto,BR,-20.6383,-51.1092,87.78,21,58,4.61,broken clouds
93,Ketchikan,US,55.3422,-131.6461,70.86,70,6,5.39,clear sky
94,Kapaa,US,22.0752,-159.319,82.38,79,3,7.31,clear sky
95,Kudahuvadhoo,MV,2.6708,72.8944,81.21,74,100,7.63,overcast clouds
96,Brigantine,US,39.4101,-74.3646,88.05,63,83,11.01,broken clouds
97,Torbay,CA,47.6666,-52.7314,74.17,86,75,20.71,broken clouds
98,Bukachacha,RU,52.9833,116.9167,37.65,94,8,3.04,clear sky
99,Kahului,US,20.8947,-156.47,84.97,74,23,10.0,few clouds
100,Namatanai,PG,-3.6667,152.4333,77.65,83,94,3.49,light rain
101,Santa Cruz de la Sierra,BO,-17.8,-63.1667,91.45,31,7,14.97,clear sky
102,Alofi,NU,-19.0595,-169.9187,67.89,94,9,3.44,clear sky
103,Ponta Delgada,PT,37.7333,-25.6667,74.12,68,75,4.61,broken clouds
104,Tazovsky,RU,67.4667,78.7,50.18,82,55,14.23,light rain
105,Visby,SE,57.6409,18.296,65.05,82,20,4.61,few clouds
106,Nikolskoye,RU,59.7035,30.7861,75.09,50,97,6.29,overcast clouds
107,Kosino,RU,58.4127,51.2782,66.69,68,97,4.09,overcast clouds
108,Shache,CN,38.4167,77.2406,66.06,59,100,10.11,overcast clouds
109,Leningradskiy,RU,69.3833,178.4167,38.57,87,54,8.75,broken clouds
110,Oudtshoorn,ZA,-33.5907,22.2014,53.96,26,2,5.37,clear sky
111,Ribeira Grande,PT,38.5167,-28.7,75.6,78,40,2.3,scattered clouds
112,Pisco,PE,-13.7,-76.2167,64.02,82,75,8.05,mist
113,Khingansk,RU,49.1167,131.1833,48.56,95,100,2.28,overcast clouds
114,Abu Samrah,SY,35.3029,37.1841,80.08,53,0,10.58,clear sky
115,Kupang,ID,-10.1667,123.5833,74.73,81,100,12.08,overcast clouds
116,Kochi,IN,9.9399,76.2602,77.02,89,100,10.92,overcast clouds
117,Cap Malheureux,MU,-19.9842,57.6142,68.47,73,80,8.99,light rain
118,São João da Barra,BR,-21.6403,-41.0511,77.09,81,65,16.51,broken clouds
119,Castro,BR,-24.7911,-50.0119,68.0,51,22,5.1,few clouds
120,Kondinskoye,RU,59.6481,67.41,66.47,78,59,9.19,broken clouds
121,Sitka,US,57.0531,-135.33,68.79,77,88,3.87,overcast clouds
122,Alta Floresta,BR,-9.8756,-56.0861,100.22,22,20,4.61,few clouds
123,Jambi City,ID,-1.6,103.6167,73.27,96,90,3.09,overcast clouds
124,Isabela,PH,6.7085,121.9711,73.45,87,100,6.31,moderate rain
125,Hamilton,US,39.1834,-84.5333,86.76,50,0,1.01,clear sky
126,Kousséri,CM,12.0769,15.0306,76.96,88,75,2.3,broken clouds
127,Hithadhoo,MV,-0.6,73.0833,81.36,73,100,5.1,overcast clouds
128,Obzor,BG,42.8167,27.8833,79.34,80,100,10.78,overcast clouds
129,Kavieng,PG,-2.5744,150.7967,79.83,80,80,6.64,broken clouds
130,Mattru,SL,7.6244,-11.8332,72.37,99,100,3.69,heavy intensity rain
131,Kaitangata,NZ,-46.2817,169.8464,36.63,80,100,3.56,overcast clouds
132,Bodītī,ET,6.9667,37.8667,59.61,75,98,2.46,overcast clouds
133,San Antonio,US,29.4241,-98.4936,91.85,60,75,4.61,broken clouds
134,Makamba,BI,-4.1348,29.804,67.32,49,3,0.43,clear sky
135,Port Blair,IN,11.6667,92.75,80.64,89,40,1.14,mist
136,Mapastepec,MX,15.4333,-92.9,84.25,77,79,4.47,broken clouds
137,Waihi Beach,NZ,-37.4,175.9333,51.82,88,100,1.99,overcast clouds
138,Bara,NG,10.3744,10.7288,73.51,89,100,2.28,moderate rain
139,The Valley,AI,18.217,-63.0578,89.46,70,40,17.27,scattered clouds
140,Casablanca,MA,33.5928,-7.6192,77.22,69,75,9.22,broken clouds
141,Hilo,US,19.7297,-155.09,89.28,79,38,5.01,scattered clouds
142,Dolzhanskaya,RU,46.6311,37.8039,82.4,42,0,24.0,clear sky
143,Husavik,IS,66.0449,-17.3389,48.61,97,100,6.2,overcast clouds
144,Borogontsy,RU,62.6683,131.1683,44.35,95,100,6.42,overcast clouds
145,Tuktoyaktuk,CA,69.4541,-133.0374,55.4,94,100,9.22,light rain
146,Jaisalmer,IN,26.9147,70.9181,78.76,78,100,18.05,overcast clouds
147,Ayan,RU,56.45,138.1667,53.67,66,70,12.17,broken clouds
148,Burnie,AU,-41.0667,145.9167,48.94,76,36,7.7,scattered clouds
149,Dolores,AR,-36.3132,-57.6792,70.36,42,5,5.21,clear sky
150,Ahipara,NZ,-35.1667,173.1667,57.58,95,100,14.03,light rain
151,Port Elizabeth,ZA,-33.918,25.5701,70.32,45,0,3.0,clear sky
152,Hong Kong,HK,22.2855,114.1577,81.25,89,100,14.0,overcast clouds
153,Meulaboh,ID,4.1363,96.1285,75.74,91,100,4.52,overcast clouds
154,Yomou,GN,7.5603,-9.2653,68.76,98,99,4.54,light rain
155,Province of Mantua,IT,45.1667,10.7833,79.41,68,0,1.01,clear sky
156,Nanortalik,GL,60.1432,-45.2371,44.22,90,37,1.7,scattered clouds
157,Salalah,OM,17.0151,54.0924,75.25,96,100,3.42,overcast clouds
158,Kathu,TH,7.9178,98.3332,83.75,87,100,11.03,moderate rain
159,Rio Claro,BR,-22.4114,-47.5614,82.45,27,23,2.66,few clouds
160,Hobyo,SO,5.3505,48.5268,76.71,81,100,22.86,overcast clouds
161,Cabo San Lucas,MX,22.8909,-109.9124,94.6,61,0,9.26,clear sky
162,Nsanje,MW,-16.92,35.262,72.9,54,61,6.85,broken clouds
163,Kieta,PG,-6.2167,155.6333,77.81,83,100,2.37,overcast clouds
164,Shaowu,CN,27.3409,117.4831,77.31,84,96,2.68,overcast clouds
165,Puerto Baquerizo Moreno,EC,-0.9,-89.6,70.79,73,75,6.91,broken clouds
166,Cururupu,BR,-1.8283,-44.8683,85.93,58,95,7.02,overcast clouds
167,Sturgeon Bay,US,44.8342,-87.377,82.36,77,35,5.32,scattered clouds
168,Samarai,PG,-10.6167,150.6667,79.9,79,76,13.69,broken clouds
169,Tasiilaq,GL,65.6145,-37.6368,41.85,66,65,3.58,broken clouds
170,Kutum,SD,14.2,24.6667,79.68,54,7,4.79,clear sky
171,Maracaju,BR,-21.6144,-55.1683,85.41,32,71,7.47,broken clouds
172,Limbang,MY,4.75,115.0,75.31,97,100,2.82,overcast clouds
173,Mehamn,NO,71.0357,27.8492,49.95,87,0,0.0,clear sky
174,Dori,BF,14.0354,-0.0345,84.2,58,100,11.3,overcast clouds
175,Shellbrook,CA,53.2168,-106.4011,69.03,54,84,1.03,broken clouds
176,Clyde River,CA,70.4692,-68.5914,41.23,81,75,8.05,broken clouds
177,Tuatapere,NZ,-46.1333,167.6833,36.59,80,100,3.33,overcast clouds
178,Edwardsville,US,38.8114,-89.9532,88.23,56,0,3.0,clear sky
179,Talnakh,RU,69.4865,88.3972,49.21,88,72,6.51,broken clouds
180,Bredasdorp,ZA,-34.5322,20.0403,55.0,81,4,0.49,clear sky
181,Imphal,IN,24.8167,93.95,71.08,98,70,1.63,broken clouds
182,Mahuva,IN,21.0914,71.7622,79.14,86,99,13.2,overcast clouds
183,Laurel,US,39.0993,-76.8483,90.79,50,40,8.05,scattered clouds
184,Noumea,NC,-22.2763,166.4572,70.0,99,0,4.03,clear sky
185,Bahir Dar,ET,11.5936,37.3908,59.97,92,87,4.74,moderate rain
186,Yinchuan,CN,38.4681,106.2731,67.06,56,99,1.72,overcast clouds
187,Faanui,PF,-16.4833,-151.75,76.23,78,0,9.98,light rain
188,Sioux Lookout,CA,50.1001,-91.917,68.07,64,75,6.91,broken clouds
189,Kerema,PG,-7.9631,145.7785,76.46,90,100,3.96,overcast clouds
190,Rzhaksa,RU,52.1338,42.0264,73.76,36,54,8.43,broken clouds
191,San Nicolas,PH,18.1725,120.5953,78.71,94,40,3.44,scattered clouds
192,Breytovo,RU,58.2993,37.8617,69.04,53,26,7.23,scattered clouds
193,Pokhara,NP,28.2333,83.9833,74.21,92,99,1.63,overcast clouds
194,Timrå,SE,62.487,17.3257,62.67,88,75,5.75,broken clouds
195,Hasaki,JP,35.7333,140.8333,73.8,87,100,13.2,overcast clouds
196,Chokurdakh,RU,70.6333,147.9167,38.79,88,99,11.39,overcast clouds
197,Tiksi,RU,71.6872,128.8694,38.35,89,45,6.15,scattered clouds
198,Plettenberg Bay,ZA,-34.0527,23.3716,66.33,54,1,3.06,clear sky
199,Dingle,PH,10.9995,122.6711,75.83,91,98,1.81,overcast clouds
200,Goderich,CA,43.7501,-81.7165,74.91,78,0,8.05,clear sky
201,Poopó,BO,-18.3667,-66.9667,61.57,5,5,11.63,clear sky
202,San Cristobal,VE,7.7669,-72.225,84.38,50,31,9.04,scattered clouds
203,Pombas,CV,17.1503,-25.0201,80.38,81,21,10.0,few clouds
204,Korla,CN,41.7597,86.1469,76.6,26,45,7.31,scattered clouds
205,Yulara,AU,-25.2406,130.9889,41.67,54,0,8.88,clear sky
206,Chamba,IN,32.5667,76.1333,75.7,83,77,2.33,broken clouds
207,Pajapan,MX,18.25,-94.7,87.28,62,94,4.9,overcast clouds
208,Surgut,RU,61.25,73.4167,68.18,72,0,11.18,clear sky
209,Abu Dhabi,AE,24.4667,54.3667,98.71,60,0,5.75,clear sky
210,Muros,ES,42.7762,-9.0603,73.09,78,22,11.45,few clouds
211,Yago,MX,21.8333,-105.0667,92.91,53,47,4.72,scattered clouds
212,Puerto del Rosario,ES,28.5004,-13.8627,74.95,83,20,20.71,few clouds
213,San Juan,AR,-31.5375,-68.5364,75.52,13,78,6.58,broken clouds
214,Brasília de Minas,BR,-16.2064,-44.4333,83.39,24,9,6.08,clear sky
215,Meïganga,CM,6.5167,14.3,66.27,95,100,4.21,overcast clouds
216,Chippewa Falls,US,44.9369,-91.3929,78.87,77,100,9.22,heavy intensity rain
217,Ancud,CL,-41.8697,-73.8203,45.23,62,100,5.88,overcast clouds
218,Carnarvon,AU,-24.8667,113.6333,66.72,48,4,9.8,clear sky
219,Novosysoyevka,RU,44.235,133.3642,51.1,81,45,2.13,scattered clouds
220,Kargasok,RU,59.0556,80.8572,59.14,84,25,9.06,scattered clouds
221,Lebu,CL,-37.6167,-73.65,50.04,74,81,18.3,broken clouds
222,Krapivinskiy,RU,54.9992,86.8133,52.07,91,20,0.69,few clouds
223,Phalombe,MW,-15.8064,35.6507,62.38,63,6,3.74,clear sky
224,Pemba,MZ,-12.974,40.5178,75.9,78,75,10.36,broken clouds
225,Celano,IT,42.0855,13.5398,71.01,70,83,2.42,broken clouds
226,Roswell,US,34.0232,-84.3616,86.76,76,100,5.48,overcast clouds
227,Batemans Bay,AU,-35.7167,150.1833,52.11,66,98,4.99,overcast clouds
228,Flinders,AU,-34.5833,150.8552,51.39,72,12,9.55,few clouds
229,Cassilândia,BR,-19.1133,-51.7342,88.12,20,16,5.77,few clouds
230,Umeå,SE,63.8284,20.2597,57.13,88,0,3.44,clear sky
231,Mumford,GH,5.2618,-0.759,73.36,90,5,7.58,clear sky
232,Anadyr,RU,64.75,177.4833,52.3,87,75,20.13,broken clouds
233,Bowen,AU,-20.0167,148.2333,55.38,52,0,13.22,clear sky
234,Synya,RU,65.3718,58.0387,50.23,71,0,4.43,clear sky
235,Bethel,US,41.3712,-73.414,89.85,53,9,3.0,clear sky
236,Nouadhibou,MR,20.931,-17.0347,78.78,73,28,20.71,sand
237,Zhalantun,CN,48.0,122.7167,56.7,71,100,12.53,light rain
238,Waipawa,NZ,-41.4122,175.5153,44.85,94,77,5.44,broken clouds
239,Upernavik,GL,72.7868,-56.1549,42.67,76,100,3.78,overcast clouds
240,Airai,TL,-8.9266,125.4092,54.64,90,100,4.16,overcast clouds
241,Acaraú,BR,-2.8856,-40.12,83.53,63,50,17.67,scattered clouds
242,Bocas del Toro,PA,9.3333,-82.25,82.54,71,100,6.11,overcast clouds
243,Tonstad,NO,58.6626,6.7169,64.54,78,100,17.52,overcast clouds
244,Port Macquarie,AU,-31.4333,152.9167,37.89,72,0,6.31,clear sky
245,Klyuchi,RU,52.2667,79.1667,58.06,58,0,6.51,clear sky
246,San Quintín,MX,30.4833,-115.95,76.84,68,8,7.74,clear sky
247,Mount Isa,AU,-20.7333,139.5,51.57,28,0,12.66,clear sky
248,Mutsu,JP,41.2894,141.2169,62.17,80,4,1.19,clear sky
249,Alyangula,AU,-13.8483,136.4192,68.88,50,71,20.65,broken clouds
250,Gemeente Wageningen,NL,51.9667,5.6667,82.49,64,94,4.61,overcast clouds
251,Władysławowo,PL,54.7909,18.4009,72.01,93,20,9.17,few clouds
252,Marabu,MY,4.4148,114.0089,76.24,92,100,7.45,overcast clouds
253,Saint-Pierre,RE,-21.3393,55.4781,71.28,70,3,20.71,clear sky
254,Joshīmath,IN,30.5667,79.5667,69.89,89,100,1.72,overcast clouds
255,Kholodnyy,RU,62.7167,147.95,46.31,83,100,12.73,overcast clouds
256,Badhni Kalān,IN,30.6833,75.2833,77.22,90,40,6.71,scattered clouds
257,Yangi Marg`ilon,UZ,40.4272,71.7189,81.32,29,100,6.91,overcast clouds
258,Kharp,RU,66.8014,65.8081,51.98,70,61,19.39,broken clouds
259,Manat,PH,7.5327,126.0173,73.15,94,70,2.37,broken clouds
260,Tura,IN,25.5198,90.2201,74.19,93,13,5.12,few clouds
261,Ukiah,US,39.1502,-123.2078,99.45,16,0,4.85,clear sky
262,Tashtyp,RU,52.7939,89.8983,47.14,75,11,0.65,few clouds
263,Asău,RO,46.4333,26.4,72.52,53,88,5.93,overcast clouds
264,Port Said,EG,31.2565,32.2841,81.95,74,0,18.34,clear sky
265,Whyalla,AU,-33.0333,137.5833,48.99,82,23,5.1,few clouds
266,Imuris,MX,30.7833,-110.8667,82.22,61,100,5.48,light rain
267,Port Moresby,PG,-9.4431,147.1797,72.82,100,75,5.75,broken clouds
268,Henties Bay,NA,-22.116,14.2845,55.51,93,5,5.77,clear sky
269,Xingyi,CN,24.1877,102.817,62.62,96,100,3.04,overcast clouds
270,Kuruman,ZA,-27.4524,23.4325,59.99,30,0,7.63,clear sky
271,Mahanoro,MG,-19.9,48.8,66.7,85,83,2.71,light rain
272,Pak Phanang,TH,8.3511,100.202,80.13,84,100,8.43,overcast clouds
273,Cattolica,IT,43.9575,12.7376,78.87,64,0,5.75,clear sky
274,Morro Bay,US,35.3658,-120.8499,92.93,39,22,8.99,few clouds
275,Marquette,US,46.5333,-87.6335,65.82,94,100,6.53,overcast clouds
276,Esperance,AU,-33.8667,121.9,48.15,75,100,11.74,overcast clouds
277,Severo-Kuril'sk,RU,50.6789,156.125,53.19,93,100,22.41,overcast clouds
278,Acapulco de Juárez,MX,16.8634,-99.8901,86.77,64,85,6.46,overcast clouds
279,Chumikan,RU,54.7183,135.315,49.73,82,37,7.63,scattered clouds
280,Gambēla,ET,8.25,34.5833,70.12,90,100,3.44,overcast clouds
281,Maniitsoq,GL,65.4167,-52.9,41.68,95,100,14.83,light rain
282,Arraial do Cabo,BR,-22.9661,-42.0278,67.42,86,99,21.14,overcast clouds
283,Touros,BR,-5.1989,-35.4608,79.38,67,58,18.3,broken clouds
284,Lorengau,PG,-2.0226,147.2712,79.74,72,6,5.44,clear sky
285,Røros,NO,62.5747,11.3842,58.84,67,0,0.0,clear sky
286,Yatou,CN,37.15,122.3833,69.1,69,100,4.76,light rain
287,Tawang Town,IN,27.5833,91.8667,58.12,92,80,1.7,broken clouds
288,Brae,GB,60.3964,-1.353,56.88,98,100,9.26,moderate rain
289,Chimbarongo,CL,-34.7,-71.05,51.73,73,100,5.93,overcast clouds
290,Mayo,US,38.8876,-76.5119,91.2,54,23,1.99,few clouds
291,Road Town,VG,18.4167,-64.6167,83.25,73,6,17.38,clear sky
292,Aksarka,RU,66.5606,67.7975,53.37,61,34,17.67,scattered clouds
293,Labuhan,ID,-6.8844,112.2051,74.98,83,22,7.7,few clouds
294,Macapá,BR,0.0389,-51.0664,86.13,62,15,11.21,few clouds
295,Giaveno,IT,45.047,7.3492,76.71,59,100,3.74,overcast clouds
296,Bathsheba,BB,13.2167,-59.5167,83.71,70,47,11.43,scattered clouds
297,Shimoda,JP,34.6667,138.95,73.11,89,87,11.18,light rain
298,Boueni,YT,-12.9025,45.0761,71.58,79,9,10.36,clear sky
299,San Vicente,AR,-26.6167,-54.1333,77.11,41,0,1.68,clear sky
300,Timbiquí,CO,2.7717,-77.6654,81.34,76,89,8.25,light rain
301,Taft,IR,31.7471,54.2088,69.75,15,0,4.61,clear sky
302,Chara,RU,56.9064,118.2631,42.51,94,100,2.46,light rain
303,Ampanihy,MG,-24.7,44.75,71.67,45,0,13.76,clear sky
304,Geraldton,AU,-28.7667,114.6,50.41,71,100,10.36,overcast clouds
305,Masvingo,ZW,-20.0637,30.8277,58.6,54,3,7.63,clear sky
306,Ambanja,MG,-13.6833,48.45,71.28,84,80,1.95,light rain
307,Barabai,ID,-2.5833,115.3833,72.64,97,95,1.39,overcast clouds
308,Maţāy,EG,28.419,30.7792,93.11,19,0,10.22,clear sky
309,Show Low,US,34.2542,-110.0298,75.49,53,75,11.5,broken clouds
310,Vardø,NO,70.3705,31.1107,49.95,79,84,12.53,broken clouds
311,Evensk,RU,61.95,159.2333,51.04,93,100,11.3,light rain
312,Kashgar,CN,39.4547,75.9797,61.59,79,100,8.79,overcast clouds
313,Pevek,RU,69.7008,170.3133,43.23,85,35,0.45,scattered clouds
314,Chechat,IN,24.7667,75.8833,76.14,86,100,5.08,overcast clouds
315,Makueni Boma,KE,-1.8041,37.6203,66.06,56,23,10.8,few clouds
316,Laas,IT,46.6166,10.7002,63.9,73,10,0.67,clear sky
317,Berlevåg,NO,70.8578,29.0864,51.6,81,0,8.05,clear sky
318,Half Moon Bay,US,37.4636,-122.4286,84.06,76,100,10.36,mist
319,Galveston,US,29.3669,-94.9669,82.06,92,98,1.01,overcast clouds
320,Shelburne,CA,44.0787,-80.2041,76.6,60,61,9.55,broken clouds
321,Margate,GB,51.3813,1.3862,76.1,85,94,1.99,overcast clouds
322,Tucumcari,US,35.1717,-103.725,81.32,35,100,4.32,overcast clouds
323,Jalu,LY,29.0331,21.5482,88.29,31,0,14.36,clear sky
324,Contamana,PE,-7.3333,-75.0167,97.84,25,19,2.66,few clouds
325,Shelton,US,41.3165,-73.0932,90.1,58,75,9.22,broken clouds
326,Tessalit,ML,20.1986,1.0114,86.23,47,36,12.66,light rain
327,Bambous Virieux,MU,-20.3428,57.7575,68.22,62,49,17.13,scattered clouds
328,Hay River,CA,60.8156,-115.7999,75.11,55,17,2.84,few clouds
329,Codrington,AU,-38.2667,141.9667,51.44,92,91,11.61,overcast clouds
330,Katsuura,JP,35.1333,140.3,76.55,90,99,10.83,overcast clouds
331,Srednekolymsk,RU,67.45,153.6833,46.2,91,100,13.13,overcast clouds
332,Bonavista,CA,48.6499,-53.1147,69.48,86,100,13.6,overcast clouds
333,Upleta,IN,21.7333,70.2833,78.13,87,100,9.66,overcast clouds
334,Lagos,NG,6.5833,3.75,74.7,87,100,5.01,overcast clouds
335,Kajaani,FI,64.2273,27.7285,53.65,94,100,11.5,light intensity shower rain
336,Vao,NC,-22.6667,167.4833,72.66,76,0,8.52,clear sky
337,Esim,GH,4.8699,-2.2405,75.02,83,4,5.14,clear sky
338,Kismayo,SO,-0.3582,42.5454,75.42,84,100,17.69,overcast clouds
339,Ust'-Tarka,RU,55.5672,75.705,57.92,74,0,4.74,clear sky
340,Kaseda-shirakame,JP,31.4167,130.3167,81.14,88,100,7.36,heavy intensity rain
341,Wajir,KE,1.7471,40.0573,79.83,55,2,22.97,clear sky
342,Roald,NO,62.5833,6.1333,74.32,64,75,9.22,broken clouds
343,Mukhen,RU,48.1,136.1,53.73,88,98,6.29,overcast clouds
344,Umluj,SA,25.0213,37.2685,90.63,39,0,8.16,clear sky
345,Hūn,LY,29.1268,15.9477,90.52,29,0,13.6,clear sky
346,Chicama,PE,-7.8447,-79.1469,73.58,58,6,9.64,clear sky
347,Tchibanga,GA,-2.85,11.0333,71.85,75,85,6.76,overcast clouds
348,Yerbogachën,RU,61.2767,108.0108,47.23,76,100,5.1,overcast clouds
349,Yar-Sale,RU,66.8333,70.8333,53.56,58,5,20.02,clear sky
350,Vostok,RU,46.4856,135.8833,46.2,91,20,4.99,few clouds
351,Hopelchén,MX,19.7667,-89.85,100.81,28,68,5.48,broken clouds
352,Fort Smith,US,35.3859,-94.3986,87.85,50,20,11.01,few clouds
353,Marsá Maţrūḩ,EG,31.3525,27.2453,79.77,67,0,10.67,clear sky
354,Barra Velha,BR,-26.6322,-48.6847,69.01,75,35,7.0,scattered clouds
355,Tupik,RU,54.4253,119.9327,46.08,98,100,4.74,moderate rain
356,Kopargaon,IN,19.8833,74.4833,73.13,88,67,7.61,broken clouds
357,Cambridge,CA,43.3601,-80.3127,84.04,50,20,10.36,few clouds
358,Saravena,CO,6.9538,-71.8752,83.95,66,64,1.72,broken clouds
359,Ossora,RU,59.2353,163.0719,53.78,93,100,13.33,overcast clouds
360,Kongolo,CD,-5.3833,27.0,85.91,27,35,6.13,scattered clouds
361,Poso,ID,-1.3959,120.7524,75.49,86,61,5.39,broken clouds
362,Neunkirchen,DE,49.35,7.1833,81.32,17,0,6.91,clear sky
363,Vanavara,RU,60.34,102.2797,43.47,97,97,4.54,overcast clouds
364,Arcata,US,40.8665,-124.0828,82.67,69,41,6.6,scattered clouds
365,Macamic,CA,48.7502,-78.9996,70.14,42,24,7.83,few clouds
366,Marzuq,YE,14.4,46.4667,80.19,56,39,8.57,scattered clouds
367,Camalú,MX,30.85,-116.0667,77.36,68,8,7.29,clear sky
368,Lavrentiya,RU,65.5833,-171.0,41.61,96,100,4.5,overcast clouds
369,São Filipe,CV,14.8961,-24.4956,78.66,77,20,6.31,few clouds
370,Faya,SA,18.3851,42.4509,70.88,46,96,2.55,overcast clouds
371,Oussouye,SN,12.485,-16.5469,75.7,85,100,4.88,overcast clouds
372,Ostróda,PL,53.6967,19.9649,68.25,93,31,6.53,scattered clouds
373,Aswān,EG,24.0934,32.907,98.89,15,2,8.95,clear sky
374,Jardim,BR,-21.4803,-56.1381,89.67,25,51,6.08,broken clouds
375,Mana,GF,5.6592,-53.7767,80.08,82,95,3.27,overcast clouds
376,Emba,KZ,48.8264,58.1442,70.12,32,44,8.05,scattered clouds
377,Obo,CF,5.3998,26.4869,67.64,98,84,3.49,moderate rain
378,Sistranda,NO,63.7256,8.834,64.36,68,18,8.75,few clouds
379,Douala,CM,4.0483,9.7043,75.16,86,100,2.59,overcast clouds
380,Colomi,BO,-17.35,-65.8667,71.62,42,43,8.5,scattered clouds
381,Guangming,CN,45.3333,122.7833,58.62,90,100,6.67,overcast clouds
382,Ilulissat,GL,69.2167,-51.1,43.95,63,100,9.44,overcast clouds
383,Ust-Nera,RU,64.5667,143.2,49.6,87,100,7.11,overcast clouds
384,Bilibino,RU,68.0546,166.4372,52.23,74,98,3.33,overcast clouds
385,Katangli,RU,51.7102,143.2326,50.43,90,5,10.65,clear sky
386,Suixi,CN,33.8907,116.7747,68.09,78,72,3.65,broken clouds
387,Mahon,ES,39.8885,4.2658,79.36,73,0,4.61,clear sky
388,La Ronge,CA,55.1001,-105.2842,67.46,53,20,3.47,few clouds
389,Avilés,ES,43.5547,-5.9248,71.92,99,75,11.01,mist
390,Ardakān,IR,32.31,54.0175,76.6,11,0,8.88,clear sky
391,Ambon City,ID,-3.6954,128.1814,77.14,88,40,5.75,scattered clouds
392,Cayenne,GF,4.9333,-52.3333,86.04,62,45,5.75,scattered clouds
393,eMkhomazi,ZA,-30.2067,30.7978,66.67,86,0,10.69,clear sky
394,Vanimo,PG,-2.6741,141.3028,78.17,87,72,5.12,broken clouds
395,Fort Nelson,CA,58.8053,-122.7002,84.34,44,8,2.26,clear sky
396,Garoua Boulaï,CM,5.8833,14.55,65.46,95,100,1.52,light rain
397,Mnogovershinnyy,RU,53.9353,139.9242,44.53,78,9,6.02,clear sky
398,Peleduy,RU,59.6289,112.7406,44.6,96,100,3.13,overcast clouds
399,Batamshinskiy,KZ,50.5594,58.2747,66.9,52,5,5.3,clear sky
400,Longyearbyen,SJ,78.2186,15.6401,40.46,97,100,8.41,light rain
401,Omsukchan,RU,62.5333,155.8,45.79,95,100,10.0,light rain
402,Aktash,RU,50.3,87.7333,36.36,76,0,0.29,clear sky
403,Coahuayana Viejo,MX,18.7333,-103.6833,91.58,54,21,7.27,few clouds
404,Stonewall,CA,50.1344,-97.3268,73.67,50,100,12.28,overcast clouds
405,Caravelas,BR,-17.7125,-39.2481,75.07,65,21,5.86,few clouds
406,Enid,US,36.3956,-97.8784,90.01,48,0,3.0,clear sky
407,Mil'kovo,RU,54.7167,158.6167,56.14,75,63,12.17,broken clouds
408,Tabou,CI,4.423,-7.3528,76.6,78,87,6.58,overcast clouds
409,Xining,CN,36.6167,101.7667,56.23,86,100,2.73,overcast clouds
410,Malartic,CA,48.1335,-78.1328,67.01,62,21,6.98,few clouds
411,São Félix do Xingu,BR,-6.6447,-51.995,97.7,24,96,7.38,overcast clouds
412,Berezovyy,RU,51.6667,135.7,50.97,78,9,5.5,clear sky
413,Bengkulu,ID,-3.8004,102.2655,74.57,89,39,3.89,scattered clouds
414,High Level,CA,58.5169,-117.136,84.22,34,98,7.58,overcast clouds
415,Karasjok,NO,69.4719,25.5112,51.44,72,40,8.01,scattered clouds
416,Benito Juarez,MX,19.385,-99.165,73.0,50,46,3.0,scattered clouds
417,Avera,US,33.194,-82.5271,86.05,68,100,7.83,overcast clouds
418,Tangshan,CN,39.6333,118.1833,64.74,90,100,6.13,overcast clouds
419,Abalak,RU,58.1286,68.5944,59.74,88,14,5.5,light rain
420,Redmond,US,47.674,-122.1215,83.68,60,0,1.99,clear sky
421,Port Augusta,AU,-32.5,137.7667,43.48,90,5,3.0,clear sky
422,Naze,JP,28.3667,129.4833,79.9,86,100,9.6,overcast clouds
423,Ballina,AU,-28.8667,153.5667,42.78,63,0,6.62,clear sky
424,Padang,ID,-0.9492,100.3543,75.7,87,70,5.44,light rain
425,Zaporizhia,UA,47.8167,35.1833,80.69,20,1,14.97,clear sky
426,Gigmoto,PH,13.7796,124.39,80.64,86,95,5.95,overcast clouds
427,Kiruna,SE,67.8557,20.2251,56.32,72,0,6.91,clear sky
428,Eureka,US,40.8021,-124.1637,82.67,77,68,7.14,broken clouds
429,Mount Gambier,AU,-37.8333,140.7667,48.11,100,100,6.91,overcast clouds
430,Oistins,BB,13.0667,-59.5333,87.89,62,20,13.8,few clouds
431,Florianópolis,BR,-27.6146,-48.5012,72.63,74,20,13.8,few clouds
432,Guerrero Negro,MX,27.9769,-114.0611,86.25,48,91,5.79,overcast clouds
433,Grindavik,IS,63.8424,-22.4338,54.07,82,75,8.05,broken clouds
434,San Marcos,US,33.1434,-117.1661,94.5,67,15,7.0,few clouds
435,Lompoc,US,34.6391,-120.4579,87.69,75,20,4.0,few clouds
436,Vila Velha,BR,-20.3297,-40.2925,73.94,80,52,3.0,broken clouds
437,Atar,MR,20.5169,-13.0499,100.2,26,9,19.28,clear sky
438,Taoudenni,ML,22.6783,-3.9836,105.93,14,1,5.66,clear sky
439,Pangody,RU,65.85,74.4859,53.85,69,60,15.41,broken clouds
440,Narasannapeta,IN,18.4167,84.05,80.33,84,100,3.89,overcast clouds
441,Baykit,RU,61.67,96.37,49.89,99,68,2.17,broken clouds
442,Broken Hill,AU,-31.95,141.4333,43.45,82,0,7.94,clear sky
443,Newry,GB,54.1784,-6.3374,65.1,70,100,8.59,overcast clouds
444,Chulym,RU,55.0997,80.9572,54.84,84,8,3.67,clear sky
445,Monaco-Ville,FR,43.731,7.4248,80.65,69,0,3.44,clear sky
446,Viedma,AR,-40.8135,-62.9967,60.08,39,98,10.07,overcast clouds
447,Numan,NG,9.4667,12.0333,72.88,96,100,4.72,moderate rain
448,Shenjiamen,CN,29.9576,122.298,80.64,91,29,6.11,scattered clouds
449,Santa Elena,EC,-2.2333,-80.85,72.79,73,36,12.15,scattered clouds
450,Verāval,IN,20.9,70.3667,79.93,87,50,14.54,scattered clouds
451,Sos'va,RU,59.1766,61.8558,65.57,79,29,5.77,scattered clouds
452,Aykhal,RU,66.0,111.5,41.81,73,100,6.73,overcast clouds
453,Bukid,PH,5.5717,125.4056,80.85,79,11,8.88,few clouds
454,Mushie,CD,-3.0167,16.9,78.71,63,29,3.04,scattered clouds
455,Rāmpur,IN,28.8167,79.0333,79.21,86,77,3.89,broken clouds
456,Kushmurun,KZ,52.4503,64.6311,63.55,37,0,5.82,clear sky
457,Balkhash,KZ,46.844,74.9804,66.18,35,59,22.15,broken clouds
458,Homer,US,59.6425,-151.5483,56.77,92,100,1.99,overcast clouds
459,Tzucacab,MX,20.0667,-89.05,94.89,39,100,6.4,overcast clouds
460,Woodburn,US,45.1437,-122.8554,84.02,54,0,1.99,clear sky
461,Tromsø,NO,69.6496,18.957,51.39,81,0,8.05,clear sky
462,Menongue,AO,-14.6585,17.691,63.32,31,13,4.99,few clouds
463,Chuchkovo,RU,54.2693,41.4465,75.33,35,82,3.31,broken clouds
464,Westport,US,41.1415,-73.3579,91.89,50,4,1.01,clear sky
465,Parrita,CR,9.5201,-84.3225,79.81,81,97,5.68,overcast clouds
466,Migori,KE,-1.0634,34.4731,65.95,71,79,3.65,broken clouds
467,Vestmanna,FO,62.1564,-7.1664,54.52,88,100,3.44,overcast clouds
468,Bima,ID,-8.4667,118.7167,72.59,88,96,4.38,overcast clouds
469,Fayaoué,NC,-20.65,166.5333,75.38,65,71,3.02,broken clouds
470,Turkmenabat,TM,39.0733,63.5786,75.65,17,0,11.16,clear sky
471,Irving,US,32.814,-96.9489,88.0,66,75,7.09,broken clouds
472,Makakilo City,US,21.3469,-158.0858,81.99,72,0,3.71,clear sky
473,Olafsvik,IS,64.8945,-23.7142,49.98,81,97,10.31,overcast clouds
474,Katobu,ID,-4.9408,122.5276,75.07,85,93,6.96,overcast clouds
475,Taganak,PH,6.0833,118.3,81.72,80,100,11.99,overcast clouds
476,Riyadh,SA,24.6877,46.7219,96.94,14,100,9.98,overcast clouds
477,Bangassou,CF,4.7413,22.8184,70.32,94,100,2.53,light rain
478,Deputatsky,RU,69.3,139.9,37.56,86,100,2.91,overcast clouds
479,Cap-aux-Meules,CA,47.3821,-61.8597,69.85,83,75,9.22,broken clouds
480,Narsaq,GL,60.9167,-46.05,48.16,86,41,5.93,scattered clouds
481,Mildura,AU,-34.2,142.15,47.07,90,100,9.35,overcast clouds
482,Verkhnevilyuysk,RU,63.4453,120.3167,43.97,93,100,5.06,overcast clouds
483,College,US,64.8569,-147.8028,57.58,81,100,1.5,overcast clouds
484,Bugarama,TZ,-2.8706,30.5281,68.94,45,28,1.36,scattered clouds
485,Manga,BF,11.6636,-1.0731,76.28,82,61,6.46,broken clouds
486,Khani,GE,41.9563,42.9566,78.37,51,76,6.22,broken clouds
487,Subiaco,IT,41.9254,13.0941,77.36,69,82,1.72,broken clouds
488,Tahe,CN,52.3333,124.7333,45.12,95,100,2.21,overcast clouds
489,‘Āhuimanu,US,21.4447,-157.8378,83.17,73,17,5.01,few clouds
490,Laguna,US,38.421,-121.4238,100.09,38,0,9.22,clear sky
491,Novy Urengoy,RU,66.0833,76.6333,55.72,70,35,18.7,scattered clouds
492,Giraltovce,SK,49.114,21.5173,68.58,87,49,3.18,scattered clouds
493,Santana do Livramento,BR,-30.8908,-55.5328,71.4,74,0,7.7,clear sky
494,Cabedelo,BR,-6.9811,-34.8339,76.69,77,90,19.44,overcast clouds
495,Nabire,ID,-3.3667,135.4833,74.39,90,100,3.15,overcast clouds
496,Pringi,EE,59.5394,24.7939,66.58,95,75,8.05,broken clouds
497,Rio Grande,BR,-32.035,-52.0986,69.94,78,92,3.06,overcast clouds
498,Chuāri Khās,IN,32.4333,76.0167,71.1,83,46,2.66,scattered clouds
499,Barrhead,GB,55.7992,-4.3929,63.84,79,82,10.36,broken clouds
500,Salinópolis,BR,-0.6136,-47.3561,82.18,76,97,13.38,overcast clouds
501,San Rafael,AR,-34.6177,-68.3301,68.88,20,96,6.24,overcast clouds
502,Atikokan,CA,48.7555,-91.6216,60.51,93,100,5.41,overcast clouds
503,Taguatinga,BR,-12.3857,-46.5711,93.47,20,4,5.79,clear sky
504,Domoni,KM,-12.2569,44.5319,74.28,85,24,2.64,few clouds
505,Bairiki Village,KI,1.3292,172.9752,81.45,70,20,7.54,few clouds
506,Dawson Creek,CA,55.7666,-120.2362,79.0,41,0,7.23,clear sky
507,North Bend,US,43.4065,-124.2243,68.16,100,51,1.01,broken clouds
508,Nizhniy Tsasuchey,RU,50.5167,115.1333,43.09,70,6,11.83,clear sky
509,Ubari,LY,26.5921,12.7805,95.31,16,0,8.7,clear sky
510,Itoman,JP,26.1247,127.6694,86.02,79,20,14.97,few clouds
511,Petauke,ZM,-14.2426,31.3253,67.35,44,0,9.69,clear sky
512,Saint-Prosper,CA,46.2117,-70.4811,72.72,84,66,3.74,broken clouds
513,Beaumont,US,30.0861,-94.1019,84.24,74,40,9.22,scattered clouds
514,Itarema,BR,-2.9248,-39.9167,83.35,63,36,16.6,scattered clouds
515,Inhambane,MZ,-23.865,35.3833,66.18,88,20,4.61,few clouds
516,Lagoa,PT,39.05,-27.9833,73.04,76,92,11.12,light rain
517,Tongliao,CN,43.6125,122.2653,63.03,66,100,2.86,overcast clouds
518,Chaadayevka,RU,53.1427,45.9122,66.04,48,1,7.0,clear sky
519,Lata,PT,40.1629,-8.3327,67.57,90,87,5.82,overcast clouds
520,Nortelândia,BR,-14.4547,-56.8028,99.39,14,14,1.88,few clouds
521,Wright,US,45.1833,-93.9502,83.01,69,75,0.0,broken clouds
522,Alamosa,US,37.4695,-105.87,73.38,46,0,0.0,clear sky
523,Gupitan,PH,7.7758,125.6406,73.45,96,34,1.39,scattered clouds
524,Nepānagar,IN,21.4667,76.4,75.29,87,21,1.59,few clouds
525,Hambantota,LK,6.1241,81.1185,77.34,94,20,6.91,few clouds
526,Nara,JP,34.6851,135.8049,80.49,59,31,1.45,scattered clouds
527,Grand Gaube,MU,-20.0064,57.6608,68.38,73,86,8.99,light rain
528,Sokoni,TZ,-6.4333,39.55,76.17,80,81,16.33,broken clouds
529,Verkhnyaya Sinyachikha,RU,57.976,61.6673,65.16,75,49,5.57,scattered clouds
530,Lebyazh'ye,RU,55.2689,66.4947,63.7,76,93,2.84,overcast clouds
531,Ust-Kuyga,RU,70.0167,135.6,38.93,88,80,5.46,broken clouds
532,Ilām,NP,26.9167,87.9167,69.33,93,30,2.35,scattered clouds
533,Kumul,CN,42.8,93.45,74.14,14,52,2.95,broken clouds
534,Trindade,BR,-16.6494,-49.4889,84.45,22,100,4.72,overcast clouds
535,Fairbanks,US,64.8378,-147.7164,57.6,80,100,1.57,overcast clouds
536,Yelizovo,RU,53.1873,158.3805,57.34,87,75,4.47,broken clouds
537,Jalacingo,MX,19.8,-97.3,72.0,61,100,8.97,overcast clouds
538,Ulladulla,AU,-35.35,150.4667,46.76,73,38,7.25,scattered clouds
539,Sittwe,MM,20.15,92.9,80.82,84,11,1.14,few clouds
540,Coquimbo,CL,-29.9533,-71.3436,61.9,74,88,4.03,overcast clouds
541,Paamiut,GL,61.994,-49.6678,41.36,99,100,9.1,overcast clouds
542,Sosnovo-Ozerskoye,RU,52.5249,111.5418,42.71,70,99,11.63,overcast clouds
543,Boguchany,RU,58.3814,97.4531,49.95,98,100,3.42,overcast clouds
544,Houma,US,29.5958,-90.7195,82.0,88,40,6.91,scattered clouds
545,Iquitos,PE,-3.7481,-73.2472,94.06,31,4,2.68,clear sky
546,Manono,CD,-7.3,27.4167,82.65,31,49,3.58,scattered clouds
547,Erenhot,CN,43.6475,111.9767,60.06,47,0,5.08,clear sky
548,Te Anau,NZ,-45.4167,167.7167,32.77,93,100,0.85,overcast clouds
549,Yenagoa,NG,4.9247,6.2642,76.33,82,82,4.83,broken clouds
550,Bosaso,SO,11.2842,49.1816,88.07,52,1,3.51,clear sky
551,Øksfjord,NO,70.2396,22.3479,53.67,81,99,1.97,overcast clouds
552,Terrace,CA,54.5163,-128.6035,82.78,53,4,0.76,clear sky
553,Kamaishi,JP,39.2667,141.8833,66.96,79,15,2.95,few clouds
554,Diffa,NE,13.3154,12.6113,74.1,85,100,14.94,overcast clouds
555,Yzeure,FR,46.5644,3.355,72.03,47,24,3.09,few clouds
556,Baryshevo,RU,54.9564,83.1822,51.66,78,72,3.24,broken clouds
557,Eldoret,KE,0.5204,35.2699,56.07,92,97,6.26,light rain
558,Chaoyang,CN,41.5703,120.4586,61.23,86,7,4.74,clear sky
559,Palafrugell,ES,41.9174,3.1631,83.16,72,50,4.0,scattered clouds
560,Sungai Penuh,ID,-2.0833,101.3833,62.56,97,88,0.65,overcast clouds
561,Birao,CF,10.2849,22.7882,72.77,94,91,4.23,overcast clouds
562,Gazojak,TM,41.1875,61.4036,72.52,26,0,12.57,clear sky
563,Digha,IN,21.6833,87.55,80.44,82,18,9.01,few clouds
564,Bundaberg,AU,-24.85,152.35,47.21,66,0,1.01,clear sky
565,Lethbridge,CA,49.7,-112.8186,72.41,64,75,3.44,broken clouds
566,Buzdyak,RU,54.5833,54.55,66.13,51,0,4.03,clear sky
567,Constitución,CL,-35.3333,-72.4167,58.39,72,100,14.72,overcast clouds
568,Kozachi Laheri,UA,46.7037,32.9776,79.29,29,3,11.77,clear sky
569,Rodrigues Alves,BR,-7.738,-72.6509,96.67,24,0,2.1,clear sky
570,Nome,US,64.5011,-165.4064,49.17,73,94,4.97,overcast clouds
571,Vila,PT,42.0304,-8.1588,71.71,69,9,4.03,clear sky
572,Chegdomyn,RU,51.1167,133.0167,48.94,91,100,2.91,overcast clouds
573,Ranong,TH,9.9658,98.6348,79.41,89,100,5.1,light rain
574,Mogwase,ZA,-25.185,27.2665,61.11,35,0,0.29,clear sky
575,Warstein,DE,51.45,8.3667,78.8,50,99,5.57,overcast clouds
576,Nelson Bay,AU,-32.7167,152.15,48.99,76,2,11.01,clear sky
577,Tonantins,BR,-2.8731,-67.8022,91.31,38,83,2.98,broken clouds
578,Tateyama,JP,34.9833,139.8667,75.09,88,100,8.84,overcast clouds
579,Álamos,MX,27.0167,-108.9333,89.02,54,94,4.56,overcast clouds
580,Tarko-Sale,RU,64.9225,77.785,58.35,80,58,12.95,broken clouds
581,Tselinnoye,RU,53.0833,85.6667,51.53,84,2,5.08,clear sky
582,Forsytheganj,BY,52.6333,29.7333,71.69,46,79,8.59,broken clouds
583,Port Hedland,AU,-20.3167,118.5667,66.25,20,3,11.5,clear sky
584,Oddur,SO,4.1213,43.8894,76.26,64,100,16.37,overcast clouds
585,Flin Flon,CA,54.7682,-101.865,69.8,34,98,4.45,overcast clouds
586,Kuandian,CN,40.7286,124.7847,57.06,86,98,1.95,overcast clouds
587,Mgachi,RU,51.05,142.2667,56.25,83,7,10.69,clear sky
588,Fukuechō,JP,32.6881,128.8419,79.79,80,51,4.79,broken clouds
589,Saint-Augustin,CA,51.226,-58.6502,66.54,79,99,3.94,overcast clouds
590,Camaçari,BR,-12.6975,-38.3242,80.37,59,88,8.25,overcast clouds
591,Dārāb,IR,28.7519,54.5444,82.54,9,1,19.35,clear sky
592,Maragogi,BR,-9.0122,-35.2225,75.58,73,50,14.12,light rain
593,Cockburn Town,TC,21.4612,-71.1419,83.46,74,4,14.25,clear sky
594,Sheregesh,RU,52.9209,87.9869,46.27,92,9,2.15,clear sky
595,Kirakira,SB,-10.4544,161.9205,78.67,84,95,6.49,overcast clouds
596,Dicabisagan,PH,17.0818,122.4157,79.38,79,100,5.57,overcast clouds
597,Buta,CD,2.7858,24.73,75.7,76,100,1.97,light rain
598,Adrar,MR,20.5022,-10.0711,102.6,21,0,11.77,clear sky
599,Thunder Bay,CA,48.4001,-89.3168,60.13,90,100,3.87,overcast clouds
600,Obregon,NI,11.9566,-85.9636,82.8,73,100,5.35,overcast clouds
601,Pedregulho,BR,-20.2569,-47.4767,80.42,23,68,4.12,broken clouds
602,Belyy Yar,RU,53.6039,91.3903,57.09,74,75,4.47,broken clouds
603,Kaifeng,CN,34.7911,114.3483,72.43,62,100,2.24,overcast clouds
604,Alekseyevka,RU,50.6309,38.6903,74.97,34,11,11.39,few clouds
605,Phan Thiet,VN,10.9333,108.1,78.57,88,100,7.9,light rain
606,Denpasar,ID,-8.65,115.2167,78.46,83,40,17.27,scattered clouds
607,Belgrade,RS,44.804,20.4651,69.24,92,0,2.3,clear sky
608,Tautira,PF,-17.7333,-149.15,75.9,80,91,19.37,light rain
609,Lewistown,US,40.5992,-77.5714,86.14,76,75,9.22,broken clouds
610,Babstovo,RU,48.1167,132.4833,56.19,83,100,5.91,overcast clouds
611,Baturaja,ID,-4.1333,104.1667,71.89,98,63,2.46,broken clouds
612,Tiarei,PF,-17.5333,-149.3333,75.22,81,52,21.41,light rain
613,Necochea,AR,-38.5473,-58.7368,66.58,46,7,6.02,clear sky
614,Zhangaözen,KZ,43.3,52.8,76.64,20,0,11.36,clear sky
615,Seymchan,RU,62.8833,152.4333,47.89,91,100,16.55,light rain
616,San Patricio,US,28.017,-97.5169,91.9,57,98,3.09,overcast clouds
617,Palauig,PH,15.435,119.9045,80.71,81,100,8.79,light rain
618,Kandrian,PG,-6.2167,149.55,75.24,91,86,5.88,light rain
619,Valdivia,CL,-39.8142,-73.2459,52.79,57,96,1.3,overcast clouds
620,Ishigaki,JP,24.3448,124.1572,85.86,79,85,18.16,overcast clouds
621,Buncrana,IE,55.1333,-7.45,64.17,77,6,10.58,clear sky
622,Mahibadhoo,MV,3.7833,72.9667,81.63,71,100,8.93,overcast clouds
623,Taltal,CL,-25.4,-70.4833,61.65,70,24,6.89,few clouds
624,Issoire,FR,45.55,3.25,78.06,51,100,3.36,overcast clouds
625,Vuktyl,RU,63.8567,57.3094,56.19,56,39,6.04,scattered clouds
626,Kushiro,JP,42.975,144.3747,58.53,85,64,10.16,broken clouds
627,Aklavik,CA,68.2191,-135.0107,61.0,76,100,3.89,overcast clouds
628,Kharan,PK,28.5833,65.4167,82.27,23,94,2.26,overcast clouds
629,Rawson,AR,-43.3002,-65.1023,57.67,29,6,17.78,clear sky
630,Carutapera,BR,-1.195,-46.02,81.72,80,72,8.01,broken clouds
631,Dzilam González,MX,21.2833,-88.9333,90.63,54,89,7.54,overcast clouds
632,Abu Kamal,SY,34.4506,40.9171,92.28,23,0,3.33,clear sky
633,Chumphon,TH,10.3333,98.8333,73.54,95,100,3.11,overcast clouds
634,Guhāgar,IN,17.4842,73.1929,77.2,87,97,2.39,overcast clouds
635,Samoded,RU,63.6083,40.5111,56.7,82,32,4.5,scattered clouds
636,Haradok,BY,55.4624,29.9816,66.81,61,6,6.26,clear sky
637,Mogadishu,SO,2.0371,45.3438,75.51,88,66,16.67,light rain
638,Kuala Terengganu,MY,5.3302,103.1408,78.85,87,100,6.78,overcast clouds
639,Departamento de Maldonado,UY,-34.6667,-54.9167,70.02,50,12,0.78,few clouds
640,Suileng,CN,47.25,127.0833,54.07,93,82,6.6,broken clouds
641,Matara,LK,5.9485,80.5353,77.4,87,93,12.44,overcast clouds
642,Kenora,CA,49.8167,-94.4337,76.66,41,41,3.51,scattered clouds
643,Grants,US,35.1473,-107.8514,77.23,36,75,5.75,broken clouds
644,Karratha,AU,-20.7377,116.8463,65.52,26,4,13.42,clear sky
645,Havelock,US,34.8791,-76.9013,89.94,68,100,1.01,overcast clouds
646,Lugovoy,KZ,42.9472,72.7644,64.35,34,20,1.92,few clouds
647,Xichang,CN,27.8964,102.2634,66.69,93,100,1.97,overcast clouds
648,Capitão Poço,BR,-1.7464,-47.0594,82.11,67,100,6.71,overcast clouds
649,Batticaloa,LK,7.7102,81.6924,80.6,77,100,4.61,overcast clouds
650,Opuwo,NA,-18.0607,13.84,70.11,21,6,2.42,clear sky
651,Sinnamary,GF,5.3833,-52.95,83.03,72,91,7.54,overcast clouds
652,Bad Dürkheim,DE,49.4686,8.1664,85.59,33,100,3.83,overcast clouds
653,Montes Claros,BR,-16.735,-43.8617,83.05,25,4,9.89,clear sky
654,Sisimiut,GL,66.9395,-53.6735,46.9,65,100,4.05,overcast clouds
655,Pyu,MM,18.4833,96.4333,77.29,90,89,1.79,moderate rain
656,Marsh Harbour,BS,26.5412,-77.0636,84.04,72,86,9.28,overcast clouds
657,Mossamedes,AO,-15.1961,12.1522,63.99,84,100,7.36,overcast clouds
658,Trincomalee,LK,8.5711,81.2335,79.56,77,100,17.09,overcast clouds
659,Tuxpan,MX,19.55,-103.4,79.12,62,8,4.03,clear sky
660,Manta,EC,-0.95,-80.7333,77.27,69,40,10.83,scattered clouds
661,Altar,MX,30.7,-111.8167,88.65,46,32,5.93,scattered clouds
662,Cortez,US,37.3489,-108.5859,82.04,37,26,8.59,scattered clouds
663,Nikol'sk,RU,53.7189,46.0712,64.9,49,5,5.55,clear sky
664,Merauke,ID,-8.4667,140.3333,76.59,86,70,13.67,broken clouds
665,Fare,PF,-16.7,-151.0167,75.76,82,9,14.14,light rain
666,Santa Cruz de Tenerife,ES,28.4682,-16.2546,80.58,81,20,12.66,few clouds
667,Bāfq,IR,31.6128,55.4107,76.28,11,0,9.62,clear sky
668,Strezhevoy,RU,60.7333,77.5889,60.51,87,12,7.83,few clouds
669,Sola,VU,-13.8833,167.55,78.6,80,37,14.41,scattered clouds
670,Morant Bay,JM,17.8815,-76.4093,89.71,72,24,11.32,few clouds
671,Chaman,PK,30.9236,66.4512,75.56,65,100,7.25,overcast clouds
